{
  "id": "135a68c3-4ebf-308c-e9ce-945c06e05f6e",
  "name": "Ragnar",
  "values": [
    {
      "enabled": true,
      "key": "URL",
      "value": "http://localhost:3000",
      "type": "text"
    },
    {
      "enabled": true,
      "key": "ADMIN-TOKEN",
      "value": "eyJhbGciOiJIUzI1NiIsInR5cCI6IkpXVCJ9.eyJ1c2VybmFtZSI6ImFkbWluIiwiaWF0IjoxNTA0MzA2OTE4LCJleHAiOjE1MDQ0Nzk3MTh9.j3K-L-zC3F87FL3LoMq90vcji1GeWW6HsIu967uG0RY",
      "type": "text"
    },
    {
      "enabled": true,
      "key": "gitlabGroupId",
      "value": "1922314",
      "type": "text"
    },
    {
      "enabled": true,
      "key": "gitlabUsername",
      "value": "guanpeiyong",
      "type": "text"
    }
  ],
  "timestamp": 1504864685476,
  "_postman_variable_scope": "environment",
  "_postman_exported_at": "2017-09-08T09:58:22.304Z",
  "_postman_exported_using": "Postman/5.2.0"
}